x,y,z
6.058571428571428,7.236999999999997,14.142142857142854
5.907857142857142,7.389392857142858,13.57042857142857
5.843071428571429,7.463071428571429,13.344857142857142
5.768357142857143,7.552821428571429,13.095464285714286
5.686035714285715,7.653500000000002,12.827
5.599214285714285,7.76,12.544
5.510535714285714,7.867357142857145,12.251249999999999
5.4226785714285715,7.970678571428572,11.953178571428575
6.064321428571428,7.2412142857142845,14.141678571428569
5.444714285714285,7.94532142857143,12.032035714285715
5.341357142857143,8.061214285714284,11.665107142857144
5.263035714285714,8.141321428571427,11.37032142857143
5.1937500000000005,8.202250000000001,11.083785714285714
5.135964285714286,8.238892857142858,10.810535714285715
5.0924642857142866,8.24625,10.555035714285717
5.06617857142857,8.219071428571429,10.321964285714289
5.0595,8.152392857142859,10.116178571428572
5.077392857142859,8.045285714285715,9.931035714285715
5.120571428571429,7.901535714285714,9.755964285714285
5.184892857142858,7.725892857142857,9.590892857142858
5.266285714285715,7.5221785714285705,9.4355
5.360607142857142,7.294607142857144,9.290071428571428
5.464285714285714,7.047249999999999,9.154785714285714
5.572107142857143,6.784285714285715,9.02975
5.56982142857143,6.77775,9.0125
5.680500000000001,6.509321428571428,8.914857142857143
5.784285714285715,6.227035714285714,8.810821428571428
5.879892857142856,5.9414285714285695,8.71717857142857
5.962857142857142,5.656571428571427,8.633821428571428
6.0290357142857145,5.376678571428572,8.560857142857143
6.074107142857144,5.105857142857142,8.498321428571426
6.094392857142855,4.847999999999999,8.446464285714287
6.084571428571428,4.595357142857141,8.413142857142855
6.046428571428571,4.338035714285716,8.404392857142858
5.9848928571428575,4.076500000000002,8.416535714285716
5.904928571428573,3.8113928571428564,8.44575
5.8115714285714315,3.5439999999999996,8.48807142857143
5.709749999999999,3.275035714285714,8.539678571428572
5.604714285714286,3.005392857142857,8.5965
5.604892857142858,2.997285714285715,8.612214285714286
5.50132142857143,2.7361428571428568,8.654785714285715
5.404678571428571,2.468214285714286,8.710464285714284
5.319892857142858,2.2023928571428573,8.759714285714287
5.2518571428571414,1.939821428571428,8.798642857142855
5.205678571428572,1.6811785714285712,8.82332142857143
5.186571428571429,1.4277499999999999,8.829857142857144
5.199285714285714,1.180285714285714,8.814392857142856
5.251678571428569,0.9387499999999998,8.777607142857144
5.344107142857142,0.7012142857142856,8.725107142857144
5.469535714285715,0.46785714285714286,8.658821428571427
5.62075,0.2378214285714286,8.580928571428572
5.790714285714286,0.010785714285714293,8.493642857142857
5.972214285714286,-0.21371428571428575,8.399249999999999
6.1581785714285715,-0.43642857142857144,8.29967857142857
6.164035714285714,-0.43882142857142853,8.282964285714286
6.34107142857143,-0.6575357142857142,8.197392857142859
6.514178571428571,-0.8777142857142859,8.094035714285715
6.670107142857143,-1.0975,7.9922142857142875
6.801785714285715,-1.3173214285714288,7.8941785714285695
6.902035714285712,-1.5373928571428568,7.801607142857142
6.963642857142859,-1.7587499999999998,7.7169285714285705
6.97957142857143,-1.9814285714285715,7.642214285714287
6.945964285714287,-2.204571428571429,7.578571428571429
6.867857142857142,-2.4272142857142858,7.523928571428571
6.752142857142858,-2.648714285714285,7.476714285714286
6.6053928571428555,-2.8700357142857142,7.434892857142856
6.43407142857143,-3.0907142857142853,7.396571428571428
6.24507142857143,-3.311035714285714,7.35982142857143
6.044714285714286,-3.5313214285714283,7.322857142857144
6.034571428571427,-3.5387500000000007,7.335464285714286
5.839785714285715,-3.751464285714287,7.283750000000002
5.637321428571428,-3.971857142857142,7.240535714285714
5.443357142857143,-4.1927142857142865,7.191642857142855
5.265000000000001,-4.4138214285714295,7.1349285714285715
5.1085714285714285,-4.635392857142858,7.0686785714285705
4.981000000000001,-4.85775,6.990678571428572
4.888785714285713,-5.0806428571428555,6.89975
4.832642857142857,-5.310642857142858,6.7975
4.806071428571429,-5.5525,6.687785714285714
4.803928571428571,-5.803249999999999,6.571321428571428
4.821392857142859,-6.059607142857142,6.4479999999999995
4.853464285714287,-6.318500000000001,6.317928571428573
4.895392857142858,-6.576785714285714,6.181535714285714
4.942214285714286,-6.831357142857144,6.038785714285715
4.95432142857143,-6.833928571428571,6.026285714285715
4.988857142857143,-7.078535714285714,5.889964285714285
5.030642857142857,-7.315714285714286,5.734999999999999
5.0625,-7.539821428571429,5.574
5.079749999999999,-7.7471785714285755,5.407642857142856
5.077249999999999,-7.934928571428571,5.235714285714287
5.050357142857143,-8.099607142857144,5.0585
4.9941071428571435,-8.2385,4.876
4.904857142857144,-8.341285714285714,4.6808571428571435
4.785857142857141,-8.404392857142858,4.466107142857143
4.641714285714286,-8.434428571428572,4.2355
4.477714285714286,-8.43817857142857,3.992892857142857
4.298428571428572,-8.422428571428572,3.7418571428571434
4.109214285714285,-8.394035714285716,3.486464285714285
3.9144285714285716,-8.360214285714285,3.229964285714285
3.8961071428571423,-8.36057142857143,3.2293928571428565
3.7197500000000003,-8.32775,2.9762857142857144
3.529499999999999,-8.303464285714286,2.7293214285714287
3.3488214285714286,-8.294142857142857,2.4924285714285714
3.182607142857143,-8.306857142857144,2.269607142857143
3.036,-8.348392857142857,2.0645714285714285
2.9137142857142857,-8.425607142857142,1.8810714285714283
2.8208214285714286,-8.544964285714286,1.7228928571428568
2.7468928571428566,-8.711607142857144,1.5871428571428567
2.6789285714285724,-8.921357142857142,1.467857142857143
2.6182857142857143,-9.16692857142857,1.3636428571428572
2.5657500000000004,-9.441785714285714,1.2732500000000002
2.5235,-9.738892857142858,1.195607142857143
2.4927857142857137,-10.05182142857143,1.12925
2.4755357142857144,-10.373357142857142,1.072892857142857
2.468892857142857,-10.382928571428574,1.0580357142857144
2.4732857142857143,-10.697357142857143,1.0251785714285717
2.488035714285714,-11.015892857142855,0.9848214285714285
2.521,-11.322500000000002,0.9505
2.573785714285715,-11.610392857142854,0.9209285714285717
2.6478571428571422,-11.872821428571427,0.8947857142857144
2.744892857142857,-12.103071428571427,0.8708214285714286
2.8666785714285714,-12.29410714285714,0.847642857142857
3.0239642857142863,-12.459142857142854,0.8307857142857143
3.2226785714285713,-12.61542857142857,0.8257500000000004
3.4572857142857143,-12.762,0.831107142857143
3.721428571428572,-12.897035714285712,0.8449285714285714
4.0088928571428575,-13.019178571428569,0.8655000000000002
4.313250000000001,-13.12625,0.8908571428571431
4.628214285714287,-13.216785714285717,0.9196428571428573
4.639178571428572,-13.219750000000001,0.9204642857142858
4.9474285714285715,-13.288785714285712,0.9497499999999998
5.2645357142857145,-13.34096428571429,0.9799285714285714
5.57325,-13.371321428571429,1.0080714285714285
5.867357142857143,-13.378142857142858,1.0325000000000002
6.140357142857144,-13.359642857142859,1.0514285714285714
6.386178571428573,-13.314071428571427,1.0630714285714284
6.598214285714286,-13.239642857142858,1.0657857142857143
6.783142857142857,-13.127392857142855,1.0543214285714286
6.952678571428572,-12.972642857142857,1.0272142857142856
7.108500000000001,-12.780535714285717,0.9877142857142858
7.2516428571428575,-12.55682142857143,0.9391785714285713
7.383285714285713,-12.30660714285714,0.8854642857142856
7.504571428571429,-12.035678571428575,0.83
7.616607142857142,-11.749250000000002,0.7766428571428572
7.620392857142856,-11.73932142857143,0.7745714285714287
7.720428571428572,-11.453392857142855,0.7288928571428572
7.8173214285714305,-11.152892857142856,0.6906071428571429
7.908285714285712,-10.853714285714286,0.6653214285714284
7.99407142857143,-10.56142857142857,0.6564285714285714
8.076428571428574,-10.281214285714288,0.6677142857142858
8.156071428571426,-10.01864285714286,0.7028214285714286
8.234107142857143,-9.779535714285714,0.76525
8.310321428571429,-9.558607142857143,0.8640714285714285
8.3835,-9.346928571428572,1.0018571428571428
8.452678571428573,-9.142178571428571,1.1721428571428572
8.517535714285714,-8.943249999999999,1.368107142857143
8.577107142857143,-8.748821428571429,1.583142857142857
8.631214285714284,-8.557392857142856,1.8104285714285713
8.678642857142858,-8.366857142857143,2.0430714285714293
8.667428571428573,-8.3635,2.0563928571428574
8.719107142857144,-8.176857142857143,2.2743928571428573
8.752035714285713,-7.984892857142859,2.49775
8.776607142857143,-7.79,2.706357142857143
8.792071428571427,-7.590821428571426,2.8933214285714284
8.79807142857143,-7.385464285714287,3.0518571428571426
8.79375,-7.173107142857142,3.175357142857144
8.778535714285717,-6.951964285714287,3.2571071428571434
8.746071428571428,-6.722250000000001,3.2927499999999994
8.692785714285716,-6.485642857142857,3.286928571428571
8.621464285714286,-6.243107142857141,3.245892857142857
8.535821428571428,-5.9957142857142856,3.176607142857143
8.438857142857142,-5.744285714285715,3.0851785714285707
8.334535714285714,-5.489678571428572,2.9783214285714297
8.226035714285715,-5.232607142857143,2.862714285714285
8.232000000000001,-5.224035714285715,2.84825
8.117,-4.97425,2.7449285714285714
8.010785714285715,-4.715178571428572,2.631357142857143
7.910749999999999,-4.456357142857143,2.5286785714285713
7.820428571428572,-4.198857142857142,2.443357142857143
7.7432500000000015,-3.9435357142857135,2.382035714285714
7.682642857142857,-3.6909642857142857,2.35125
7.6420714285714295,-3.442571428571429,2.357428571428571
7.626428571428571,-3.196,2.4024285714285716
7.635392857142857,-2.948107142857143,2.480678571428571
7.664464285714284,-2.6997499999999994,2.586642857142857
7.708857142857143,-2.451178571428571,2.7149999999999994
7.76425,-2.2028928571428565,2.8604285714285718
7.825678571428571,-1.9555714285714287,3.0173571428571435
7.888642857142856,-1.7093928571428574,3.180678571428572
7.884642857142857,-1.7067857142857146,3.197821428571429
7.948357142857142,-1.4652857142857143,3.344821428571428
8.00035714285714,-1.223214285714286,3.5046785714285713
8.039785714285717,-0.983892857142857,3.6547857142857145
8.062107142857146,-0.7477857142857144,3.7899285714285713
8.06282142857143,-0.5154285714285716,3.904428571428571
8.037,-0.2872142857142857,3.9932857142857148
7.979857142857143,-0.06378571428571429,4.050892857142857
7.890249999999997,0.15350000000000003,4.074928571428572
7.771321428571428,0.36442857142857144,4.069892857142857
7.627357142857144,0.5698214285714286,4.040357142857143
7.462535714285715,0.7703928571428572,3.9909285714285714
7.280428571428572,0.9674285714285712,3.926464285714285
7.085357142857142,1.1615357142857141,3.851964285714286
6.8813571428571425,1.354285714285714,3.7715
6.878142857142856,1.359607142857143,3.755
6.6721785714285735,1.545785714285714,3.6904642857142846
6.4622857142857155,1.7381428571428568,3.6131071428571424
6.255535714285713,1.9317142857142857,3.544357142857143
6.055749999999999,2.1274642857142854,3.488857142857143
5.867178571428572,2.326535714285715,3.451392857142857
5.6938571428571425,2.529607142857142,3.4366785714285704
5.539607142857143,2.7377142857142855,3.4493928571428576
5.404928571428571,2.957571428571428,3.486178571428572
5.285178571428572,3.19325,3.5397857142857156
5.177642857142856,3.440785714285714,3.6078928571428577
5.079357142857142,3.6962857142857137,3.6893214285714286
4.987642857142856,3.956392857142858,3.782107142857143
4.899642857142858,4.216892857142858,3.884642857142856
4.812857142857142,4.4740714285714285,3.995321428571429
4.818642857142857,4.481178571428571,4.010285714285714
4.724178571428571,4.723714285714285,4.112321428571428
4.630535714285714,4.9623928571428575,4.2343214285714295
4.529642857142856,5.186142857142857,4.359607142857143
4.418392857142857,5.391071428571428,4.486428571428572
4.294214285714286,5.573250000000001,4.613142857142856
4.154142857142857,5.7287857142857135,4.738035714285714
3.995392857142857,5.853857142857144,4.859392857142858
3.8172142857142854,5.942428571428572,4.990214285714286
3.6212142857142853,5.994678571428572,5.142428571428572
3.4101785714285717,6.015464285714286,5.311000000000001
3.1863928571428564,6.010571428571429,5.490821428571429
2.952607142857142,5.98517857142857,5.676892857142859
2.711178571428572,5.944857142857143,5.864035714285715
2.4645,5.895321428571429,6.0470357142857125
2.4502857142857146,5.885285714285714,6.043178571428572
2.215357142857143,5.841928571428572,6.220607142857142
1.9653928571428574,5.790357142857142,6.380035714285714
1.7173928571428572,5.745928571428571,6.519892857142858
1.4739642857142852,5.71417857142857,6.6351428571428555
1.2373214285714285,5.7004285714285725,6.720571428571428
1.0101071428571426,5.710107142857143,6.771107142857141
0.7948571428571428,5.749071428571429,6.781750000000001
0.5906071428571428,5.8176428571428564,6.740035714285713
0.39385714285714285,5.91042857142857,6.643071428571427
0.20375000000000007,6.023392857142857,6.499642857142857
0.01889285714285714,6.15217857142857,6.318678571428571
-0.162,6.292964285714285,6.110107142857143
-0.34003571428571433,6.441678571428571,5.882642857142857
-0.5168928571428572,6.594285714285715,5.645785714285714
-0.5177142857142857,6.61232142857143,5.641392857142857
-0.6938571428571432,6.746892857142859,5.409000000000001
-0.8723928571428571,6.895321428571429,5.181178571428573
-1.0536428571428573,7.035821428571429,4.972035714285714
-1.2389999999999997,7.164178571428571,4.790392857142857
-1.4296428571428572,7.276321428571428,4.645964285714285
-1.62675,7.368321428571428,4.547678571428572
-1.8319642857142857,7.436107142857141,4.504928571428571
-2.048,7.474607142857143,4.523678571428571
-2.2762857142857142,7.484857142857142,4.598857142857143
-2.514642857142857,7.471964285714284,4.720928571428572
-2.760678571428571,7.44075,4.880571428571429
-3.011678571428572,7.396749999999999,5.0688571428571425
-3.2651428571428562,7.345107142857143,5.276107142857143
-3.5185714285714296,7.290178571428572,5.493285714285714
-3.5277857142857143,7.288714285714287,5.501142857142858
-3.7695000000000007,7.23792857142857,5.711071428571428
-4.015642857142857,7.192285714285715,5.919535714285715
-4.2542857142857144,7.158785714285715,6.10975
-4.48325,7.142964285714285,6.272142857142858
-4.700035714285716,7.149749999999999,6.397392857142859
-4.902,7.184392857142858,6.476142857142858
-5.086392857142857,7.251607142857141,6.498821428571427
-5.255892857142859,7.361928571428572,6.47057142857143
-5.416499999999999,7.518035714285714,6.40517857142857
-5.568535714285715,7.711714285714287,6.307107142857142
-5.712178571428572,7.934357142857142,6.180428571428572
-5.8475714285714275,8.177178571428573,6.029178571428571
-5.975214285714285,8.432142857142859,5.85757142857143
-6.094428571428572,8.690035714285715,5.669392857142858
-6.099000000000002,8.699428571428571,5.663000000000001
-6.2061785714285715,8.942464285714285,5.468785714285714
-6.309928571428573,9.180285714285715,5.259214285714285
-6.4063928571428574,9.395321428571426,5.045214285714286
-6.4956071428571445,9.57875,4.83075
-6.577928571428573,9.721857142857143,4.6198571428571436
-6.653499999999997,9.815785714285713,4.416642857142857
-6.72242857142857,9.851892857142857,4.225821428571428
-6.7765,9.832285714285714,4.033857142857142
-6.809392857142858,9.767964285714289,3.826107142857143
-6.824714285714285,9.664214285714285,3.6055000000000006
-6.8265,9.525892857142855,3.3755357142857148
-6.817964285714287,9.35825,3.139678571428571
-6.8027500000000005,9.165999999999999,2.9017142857142852
-6.785285714285714,8.953857142857142,2.665821428571428
-6.792357142857144,8.954678571428573,2.648500000000001
-6.769392857142859,8.727,2.4346785714285715
-6.759464285714286,8.490321428571429,2.2133571428571432
-6.758892857142857,8.249035714285714,2.004607142857143
-6.77175,8.008392857142855,1.8121071428571425
-6.801928571428571,7.772964285714286,1.6395357142857148
-6.853214285714286,7.548107142857144,1.4904642857142856
-6.929392857142857,7.338535714285716,1.3682857142857145
-7.041142857142857,7.133714285714284,1.2789642857142858
-7.191571428571427,6.920285714285716,1.2225357142857143
-7.373464285714286,6.6995714285714305,1.1939285714285712
-7.579107142857143,6.473178571428572,1.1882499999999998
-7.801035714285715,6.242785714285715,1.2001071428571426
-8.031607142857142,6.010214285714283,1.2242499999999998
-8.263178571428572,5.776999999999998,1.2556785714285714
-8.271392857142859,5.768678571428569,1.2567142857142855
-8.488249999999999,5.544857142857144,1.2892499999999998
-8.699214285714286,5.315571428571427,1.319857142857143
-8.88835714285714,5.090892857142857,1.3418928571428572
-9.048321428571429,4.872214285714286,1.350642857142857
-9.171107142857142,4.6614642857142865,1.340607142857143
-9.249214285714285,4.4604285714285705,1.3067499999999999
-9.27467857142857,4.270964285714285,1.2439642857142856
-9.250749999999998,4.091035714285714,1.1498571428571425
-9.187464285714286,3.9158214285714292,1.0286428571428572
-9.089357142857143,3.745357142857143,0.8845000000000001
-8.96025,3.5794642857142844,0.722142857142857
-8.804214285714282,3.4182857142857137,0.5458571428571427
-8.625142857142857,3.262571428571429,0.36025000000000007
-8.426392857142858,3.1121785714285712,0.17057142857142854
-8.426678571428571,3.094392857142858,0.16478571428571426
-8.211821428571428,2.966999999999999,-0.018999999999999996
-7.98542857142857,2.8275357142857147,-0.20196428571428574
-7.751107142857142,2.693428571428572,-0.3745714285714286
-7.513107142857144,2.5647857142857142,-0.53225
-7.27532142857143,2.441857142857143,-0.6698571428571427
-7.041321428571428,2.324464285714285,-0.7828571428571428
-6.815107142857143,2.212857142857143,-0.8666785714285713
-6.585964285714285,2.1049285714285713,-0.9156428571428573
-6.341821428571429,1.9993571428571428,-0.9313214285714284
-6.084357142857142,1.896892857142857,-0.9192857142857144
-5.8162142857142864,1.7983214285714284,-0.8852142857142855
-5.540214285714286,1.7046428571428573,-0.835
-5.258535714285713,1.6167142857142855,-0.7743214285714286
-4.974000000000001,1.5353214285714285,-0.7090357142857144
-4.962000000000001,1.5452499999999996,-0.7006071428571428
-4.689285714285714,1.4614999999999998,-0.6450714285714285
-4.406321428571428,1.396142857142857,-0.5879642857142856
-4.127964285714286,1.3400357142857147,-0.5437142857142857
-3.8568214285714286,1.2939642857142857,-0.5178214285714285
-3.5955000000000004,1.2591785714285717,-0.5162142857142855
-3.3464285714285715,1.2361785714285711,-0.5445357142857142
-3.1122500000000004,1.2260000000000002,-0.6088928571428571
-2.893642857142857,1.2378214285714286,-0.7118214285714286
-2.6875714285714283,1.276785714285714,-0.8494285714285713
-2.4926428571428576,1.3389642857142856,-1.0166071428571428
-2.3066785714285714,1.4190357142857144,-1.2075
-2.1276428571428574,1.5122857142857147,-1.41725
-1.9539642857142854,1.6137142857142859,-1.6400357142857143
-1.7832142857142854,1.7184285714285714,-1.87075
-1.7845714285714285,1.7139642857142856,-1.8880357142857143
-1.6136428571428574,1.8214642857142853,-2.103857142857142
-1.4429999999999998,1.9176428571428572,-2.334321428571428
-1.2693928571428572,2.002607142857143,-2.556535714285714
-1.0911071428571428,2.0708571428571427,-2.765285714285714
-0.9058928571428569,2.1179285714285716,-2.955035714285714
-0.7121071428571427,2.138785714285714,-3.120750000000001
-0.5073214285714285,2.128321428571429,-3.256678571428572
-0.29157142857142854,2.080285714285714,-3.362464285714286
-0.0662857142857143,1.9951071428571427,-3.4437142857142855
0.16675,1.8789999999999998,-3.5043928571428564
0.4061071428571429,1.7385714285714289,-3.5480357142857146
0.6500714285714285,1.5802857142857145,-3.578714285714286
0.8968928571428572,1.4105714285714288,-3.600678571428572
1.1454285714285712,1.2358214285714284,-3.6173571428571427
1.158357142857143,1.2343214285714286,-3.6050714285714274
1.394035714285714,1.0626071428571426,-3.632714285714285
1.6409642857142852,0.8975357142857143,-3.650892857142858
1.8849642857142859,0.7468571428571426,-3.6756785714285707
2.124285714285714,0.6170357142857142,-3.7108571428571437
2.357321428571429,0.5148214285714287,-3.7603214285714293
2.5826785714285707,0.44642857142857134,-3.828357142857143
2.798535714285715,0.4180357142857143,-3.9183214285714287
3.00975,0.43707142857142856,-4.026107142857143
3.221928571428571,0.5002857142857143,-4.145035714285714
3.4337500000000003,0.6008571428571428,-4.273857142857142
3.64375,0.7311071428571428,-4.41175
3.8511071428571433,0.8836428571428572,-4.558000000000001
4.0543571428571425,1.0507500000000003,-4.711785714285716
4.252285714285716,1.2250714285714286,-4.872750000000001
4.248107142857142,1.23825,-4.883999999999999
4.443321428571428,1.3987142857142856,-5.039892857142857
4.6269285714285715,1.5644642857142856,-5.213035714285714
4.801285714285714,1.7149285714285711,-5.391142857142858
4.965285714285713,1.8424642857142859,-5.5736428571428585
5.117642857142857,1.9395714285714285,-5.759642857142858
5.257250000000001,1.9986428571428572,-5.948750000000001
5.382499999999999,2.0124999999999997,-6.139500000000001
5.484071428571428,1.9791071428571423,-6.344678571428572
5.556964285714286,1.9054285714285715,-6.574535714285714
5.6055714285714275,1.7971428571428574,-6.823642857142856
5.635642857142858,1.6609285714285709,-7.086571428571429
5.65225,1.5020000000000004,-7.357964285714284
5.660785714285715,1.3267142857142855,-7.6325714285714295
5.666714285714283,1.1411428571428568,-7.9047857142857145
5.666857142857141,1.1344999999999996,-7.914357142857143
5.67542857142857,0.9510714285714287,-8.169392857142856
5.692321428571427,0.7623928571428574,-8.420892857142855
5.722428571428572,0.5812857142857143,-8.654000000000002
5.7715000000000005,0.4133928571428571,-8.863214285714283
5.844785714285713,0.2649642857142857,-9.042928571428572
5.947392857142858,0.1419642857142857,-9.187999999999999
6.08482142857143,0.05021428571428572,-9.292892857142856
6.26617857142857,-0.009642857142857146,-9.36092857142857
6.492607142857142,-0.044000000000000004,-9.401142857142855
6.756392857142857,-0.057392857142857134,-9.415785714285716
7.049321428571427,-0.054035714285714284,-9.406571428571427
7.363785714285716,-0.03800000000000001,-9.375857142857143
7.690964285714285,-0.013785714285714281,-9.325321428571428
8.02314285714286,0.01467857142857143,-9.256857142857143
8.035035714285716,0.015571428571428578,-9.25475
8.352142857142857,0.04289285714285714,-9.172285714285717
8.669714285714283,0.06685714285714288,-9.07357142857143
8.967642857142856,0.08185714285714285,-8.962642857142857
9.238,0.08396428571428573,-8.841464285714284
9.472392857142859,0.06864285714285713,-8.712000000000002
9.662999999999997,0.03164285714285714,-8.576142857142855
9.801107142857145,-0.031178571428571424,-8.436357142857142
9.892499999999998,-0.11800000000000001,-8.273642857142857
9.950964285714287,-0.22325000000000003,-8.071892857142858
9.979285714285718,-0.3443928571428571,-7.837714285714287
9.98039285714286,-0.4796428571428571,-7.579035714285714
9.957285714285714,-0.6267857142857143,-7.30325
9.912642857142858,-0.7835000000000001,-7.0185
9.848892857142857,-0.9477499999999998,-6.73232142857143
9.846928571428572,-0.953535714285714,-6.721964285714287
9.769285714285711,-1.1175000000000002,-6.452178571428569
9.675857142857144,-1.2907499999999998,-6.186357142857143
9.572214285714285,-1.46525,-5.942357142857143
9.460642857142856,-1.6390000000000005,-5.727500000000001
9.34425,-1.8097500000000004,-5.549964285714288
9.225714285714288,-1.9755714285714283,-5.417357142857144
9.108071428571428,-2.1341428571428573,-5.337321428571429
8.973821428571428,-2.2859285714285713,-5.312928571428571
8.807392857142856,-2.4329642857142857,-5.337214285714286
8.614464285714286,-2.577071428571429,-5.403714285714287
8.40110714285714,-2.7192499999999997,-5.505964285714285
8.173892857142858,-2.8605000000000005,-5.637357142857144
7.93882142857143,-3.002571428571429,-5.7912857142857135
7.702607142857145,-3.1469285714285715,-5.961250000000001
7.69414285714286,-3.151607142857143,-5.967214285714285
7.471464285714285,-3.2946428571428568,-6.14092857142857
7.252071428571429,-3.44775,-6.32382142857143
7.050607142857144,-3.6069285714285715,-6.503357142857142
6.873142857142859,-3.773785714285715,-6.673071428571427
6.726392857142858,-3.949392857142857,-6.826535714285713
6.616464285714285,-4.135214285714286,-6.957357142857143
6.549892857142857,-4.332821428571429,-7.05882142857143
6.529750000000002,-4.549785714285715,-7.130821428571428
6.551607142857143,-4.790821428571429,-7.179785714285715
6.609999999999999,-5.0512500000000005,-7.210499999999999
6.698642857142857,-5.3261071428571425,-7.2277499999999995
6.8114285714285705,-5.610928571428572,-7.23567857142857
6.942964285714287,-5.901071428571429,-7.239214285714284
7.086928571428571,-6.191642857142857,-7.24292857142857
7.104642857142857,-6.195285714285715,-7.24457142857143
7.237392857142858,-6.478035714285714,-7.2515
7.3887142857142845,-6.75582142857143,-7.269750000000001
7.534999999999999,-7.020285714285714,-7.302178571428572
7.67025,-7.266607142857144,-7.353428571428572
7.788714285714286,-7.489999999999999,-7.428000000000002
7.884392857142858,-7.685892857142858,-7.530464285714286
7.9514999999999985,-7.849178571428572,-7.665357142857142
7.997964285714285,-7.973214285714286,-7.842250000000001
8.036428571428573,-8.058285714285715,-8.063892857142857
8.067250000000001,-8.110107142857144,-8.322464285714288
8.090785714285712,-8.135571428571428,-8.610035714285715
8.106928571428572,-8.14125,-8.918857142857142
8.115892857142857,-8.133571428571427,-9.241214285714284
8.117571428571429,-8.11910714285714,-9.569142857142856
8.117642857142858,-8.118607142857142,-9.580785714285714
8.112535714285716,-8.104892857142858,-9.89532142857143
8.100392857142857,-8.096964285714286,-10.211178571428567
8.081535714285712,-8.102214285714286,-10.509749999999999
8.056,-8.127071428571428,-10.782928571428569
8.023892857142856,-8.17825,-11.022714285714287
7.985357142857142,-8.2625,-11.221535714285713
7.940571428571427,-8.385857142857143,-11.371321428571425
7.890392857142858,-8.556714285714284,-11.477285714285712
7.834999999999999,-8.773928571428574,-11.552357142857144
7.774392857142855,-9.029535714285716,-11.599892857142853
7.707750000000002,-9.315142857142858,-11.62242857142857
7.634642857142858,-9.622392857142856,-11.622535714285716
7.554857142857145,-9.942714285714285,-11.603428571428575
7.4677857142857125,-10.267428571428573,-11.567071428571428
7.464749999999998,-10.27907142857143,-11.56610714285714
7.372642857142859,-10.588321428571428,-11.516642857142855
7.269214285714287,-10.896785714285713,-11.454464285714291
7.156892857142857,-11.184428571428572,-11.383464285714286
7.035214285714287,-11.442714285714288,-11.306535714285715
6.903500000000001,-11.663214285714288,-11.226321428571426
6.761285714285713,-11.837464285714285,-11.145428571428571
6.6084999999999985,-11.956821428571429,-11.066999999999998
6.441214285714288,-12.020999999999999,-10.974285714285713
6.257928571428571,-12.039428571428571,-10.852214285714284
6.060321428571428,-12.018,-10.706178571428572
5.850285714285713,-11.962750000000002,-10.542107142857144
5.629928571428572,-11.879357142857142,-10.366142857142858
5.401214285714286,-11.77385714285714,-10.183785714285717
5.166035714285714,-11.651964285714284,-10.001642857142857
5.158071428571428,-11.647642857142856,-9.995
4.926571428571428,-11.519357142857142,-9.82542857142857
4.68417857142857,-11.382000000000001,-9.661821428571429
4.44125,-11.24567857142857,-9.516464285714283
4.199857142857143,-11.116107142857146,-9.395178571428572
3.9618214285714286,-10.999107142857143,-9.304214285714286
3.7292499999999995,-10.90082142857143,-9.249571428571429
3.503964285714286,-10.826607142857142,-9.23717857142857
3.2796785714285703,-10.776607142857143,-9.271678571428572
3.0494999999999997,-10.744214285714284,-9.349785714285716
2.815178571428571,-10.725714285714286,-9.46510714285714
2.578178571428571,-10.716964285714285,-9.611428571428572
2.3404285714285713,-10.714464285714284,-9.782714285714286
2.10325,-10.714,-9.972428571428575
1.8685714285714285,-10.711714285714285,-10.174571428571431
1.8697499999999998,-10.708464285714287,-10.192035714285712
1.63825,-10.703607142857141,-10.382571428571428
1.4133571428571428,-10.685535714285717,-10.59089285714286
1.1959642857142858,-10.653785714285716,-10.792892857142858
0.9877142857142858,-10.604607142857144,-10.9825
0.7901428571428573,-10.534035714285713,-11.153357142857146
0.6053928571428571,-10.437892857142858,-11.299392857142857
0.4347142857142857,-10.312785714285715,-11.41435714285714
0.28303571428571433,-10.151642857142857,-11.499428571428572
0.151,-9.953892857142858,-11.562107142857146
0.036071428571428546,-9.725107142857143,-11.606428571428571
-0.06496428571428571,-9.471321428571429,-11.635964285714289
-0.15575000000000003,-9.19839285714286,-11.654214285714284
-0.2391785714285714,-8.912071428571428,-11.665107142857142
-0.31882142857142853,-8.61842857142857,-11.672214285714281
-0.32667857142857143,-8.609,-11.659107142857142
-0.3978928571428572,-8.323,-11.67925
-0.47975,-8.032035714285715,-11.690000000000003
-0.5674642857142859,-7.751107142857141,-11.707857142857145
-0.6647142857142858,-7.486178571428572,-11.736749999999999
-0.7741785714285713,-7.243214285714285,-11.78017857142857
-0.8996785714285712,-7.027821428571428,-11.841821428571427
-1.0440357142857144,-6.846107142857142,-11.925464285714286
-1.2108214285714285,-6.700678571428569,-12.031107142857142
-1.3988214285714284,-6.586607142857143,-12.154857142857141
-1.6042142857142856,-6.498964285714286,-12.294357142857141
-1.8233214285714283,-6.432535714285715,-12.446678571428572
-2.05225,-6.3821071428571425,-12.609249999999998
-2.2871785714285715,-6.342500000000001,-12.779714285714288
-2.5244999999999997,-6.308357142857142,-12.95542857142857
-2.5268571428571436,-6.315928571428571,-12.971214285714288
-2.760178571428572,-6.274857142857144,-13.13367857142857
-2.990571428571428,-6.23625,-13.312321428571432
-3.211607142857143,-6.187785714285716,-13.488607142857145
-3.420000000000001,-6.123928571428571,-13.659964285714285
-3.6113571428571425,-6.039964285714284,-13.823821428571433
-3.782392857142857,-5.930321428571427,-13.977464285714285
-3.9286785714285726,-5.790035714285715,-14.118464285714285
-4.046535714285715,-5.617214285714286,-14.257071428571427
-4.138321428571428,-5.415964285714287,-14.403464285714287
-4.207249999999999,-5.19057142857143,-14.555035714285719
-4.258071428571429,-4.945750000000001,-14.708785714285714
-4.295071428571428,-4.6861428571428565,-14.861357142857145
-4.322857142857142,-4.415821428571428,-15.009857142857141
-4.345785714285714,-4.139535714285715,-15.150714285714283
-4.338178571428572,-4.124285714285714,-15.145499999999995
-4.368035714285715,-3.8619642857142855,-15.280857142857146
-4.3945,-3.58675,-15.39732142857143
-4.429142857142858,-3.3189999999999995,-15.496857142857142
-4.476285714285714,-3.0628928571428573,-15.576142857142855
-4.540607142857143,-2.8229999999999995,-15.632214285714284
-4.626571428571428,-2.6038214285714294,-15.66182142857143
-4.737821428571429,-2.4098571428571427,-15.661785714285715
-4.873392857142856,-2.240285714285714,-15.621392857142856
-5.026964285714286,-2.0895,-15.536321428571435
-5.196,-1.95525,-15.413250000000003
-5.378499999999998,-1.8347142857142864,-15.259714285714287
-5.572178571428571,-1.7250357142857138,-15.082678571428572
-5.7749999999999995,-1.623642857142857,-14.889571428571427
-5.984892857142858,-1.5276428571428569,-14.687857142857142
-5.998285714285714,-1.53725,-14.681107142857138
-6.199714285714286,-1.4342500000000002,-14.484928571428574
-6.417857142857144,-1.3408214285714288,-14.28789285714286
-6.6370000000000005,-1.2448571428571427,-14.10385714285714
-6.854750000000001,-1.1435357142857139,-13.940249999999997
-7.0692142857142874,-1.0341785714285712,-13.804464285714284
-7.278428571428572,-0.9141071428571428,-13.703607142857143
-7.479857142857143,-0.7808214285714284,-13.644857142857143
-7.6817142857142855,-0.6327499999999999,-13.636178571428571
-7.892571428571429,-0.4717142857142857,-13.67467857142857
-8.110035714285713,-0.3002857142857142,-13.752178571428573
-8.332035714285713,-0.12096428571428572,-13.860107142857142
-8.55567857142857,0.06353571428571429,-13.989857142857144
-8.779107142857145,0.2508214285714286,-14.132892857142854
-8.999357142857145,0.43864285714285706,-14.280428571428573
-9.007500000000002,0.44524999999999987,-14.285607142857144
-9.214749999999999,0.6241428571428571,-14.424035714285713
-9.42164285714286,0.8053214285714286,-14.555357142857142
-9.618285714285715,0.9797499999999999,-14.665607142857146
-9.802357142857138,1.144607142857143,-14.746142857142855
-9.971178571428576,1.2974642857142857,-14.788178571428572
-10.1225,1.436035714285714,-14.783392857142857
-10.253607142857144,1.5573571428571427,-14.722892857142854
-10.36442857142857,1.6550357142857137,-14.601357142857145
-10.45757142857143,1.7264642857142856,-14.424285714285716
-10.535142857142858,1.7766071428571426,-14.199785714285715
-10.59867857142857,1.8104642857142856,-13.93657142857143
-10.649857142857146,1.8326785714285714,-13.643142857142857
-10.690678571428569,1.848392857142857,-13.32775
-10.722464285714286,1.8628214285714286,-12.99925
-10.723607142857144,1.8631071428571429,-12.987714285714285
-10.746964285714286,1.8803571428571428,-12.666285714285712
-10.76575,1.906607142857143,-12.33717857142857
-10.780714285714286,1.9461071428571428,-12.020249999999999
-10.7935,2.0039999999999996,-11.724285714285715
-10.805785714285717,2.0848214285714284,-11.458
-10.819249999999998,2.193821428571429,-11.229535714285717
-10.835571428571427,2.3360000000000007,-11.047678571428571
-10.857178571428571,2.518607142857143,-10.911357142857144
-10.883607142857144,2.741178571428571,-10.811000000000002
-10.912857142857144,2.9975,-10.741107142857143
-10.942892857142857,3.2801428571428586,-10.696214285714289
-10.971035714285716,3.582714285714286,-10.670785714285712
-10.995499999999996,3.898250000000001,-10.659678571428573
-11.013785714285717,4.220178571428571,-10.657
-11.00382142857143,4.2318928571428565,-10.666535714285716
-11.023785714285719,4.541321428571427,-10.657464285714285
-11.02292857142857,4.855642857142857,-10.655142857142854
-11.008964285714285,5.156250000000001,-10.645357142857142
-10.979785714285713,5.436250000000001,-10.622321428571427
-10.93317857142857,5.688678571428572,-10.580607142857142
-10.866857142857143,5.907285714285714,-10.514928571428571
-10.778500000000003,6.084714285714285,-10.419928571428573
-10.659285714285714,6.217321428571428,-10.297250000000002
-10.505,6.309821428571429,-10.153964285714286
-10.321249999999997,6.368321428571429,-9.993250000000002
-10.11375,6.399428571428572,-9.818142857142856
-9.888285714285713,6.409321428571429,-9.631285714285715
-9.65092857142857,6.404607142857143,-9.435678571428571
-9.407285714285717,6.3921785714285715,-9.234035714285714
-9.406892857142855,6.384892857142859,-9.217392857142855
-9.163214285714286,6.378214285714287,-9.029107142857145
-8.924464285714285,6.369464285714288,-8.823607142857144
-8.696857142857143,6.372142857142859,-8.620642857142856
-8.486142857142857,6.392892857142859,-8.422678571428573
-8.298321428571429,6.438035714285715,-8.232821428571429
-8.139071428571429,6.514,-8.053928571428573
-8.014214285714285,6.627392857142857,-7.888964285714287
-7.926821428571429,6.777214285714284,-7.7274285714285735
-7.873035714285714,6.956071428571428,-7.558285714285716
-7.847321428571428,7.159928571428571,-7.384178571428573
-7.844321428571429,7.384499999999998,-7.208107142857145
-7.858642857142859,7.6254285714285714,-7.033321428571428
-7.885000000000001,7.879142857142857,-6.862500000000002
-7.917428571428571,8.141357142857142,-6.699249999999998
-7.918928571428572,8.150678571428571,-6.692928571428569
-7.950607142857143,8.408357142857144,-6.546107142857143
-7.978285714285714,8.675928571428573,-6.406892857142859
-7.995464285714285,8.940285714285713,-6.283928571428573
-7.996607142857142,9.196928571428572,-6.180392857142857
-7.976178571428571,9.442107142857141,-6.099214285714285
-7.928392857142858,9.671678571428572,-6.043500000000001
-7.8480357142857144,9.881464285714287,-6.016214285714287
-7.733607142857144,10.086250000000001,-6.018499999999999
-7.590000000000001,10.30117857142857,-6.047785714285713
-7.42167857142857,10.522714285714285,-6.101464285714286
-7.233285714285713,10.746535714285715,-6.177142857142856
-7.029178571428571,10.968214285714286,-6.272035714285716
-6.813928571428572,11.183642857142857,-6.38375
-6.591607142857142,11.38875,-6.509642857142858
-6.5836428571428565,11.395964285714285,-6.514214285714287
-6.366892857142858,11.578892857142858,-6.647178571428571
-6.1441428571428585,11.750142857142862,-6.793392857142855
-5.927892857142857,11.89825,-6.946285714285715
-5.722571428571427,12.018785714285713,-7.10282142857143
-5.532321428571429,12.107571428571424,-7.260750000000001
-5.361857142857144,12.160250000000001,-7.417285714285716
-5.215428571428572,12.172857142857142,-7.5698928571428565
-5.0863571428571435,12.133214285714285,-7.721964285714287
-4.964107142857143,12.037571428571429,-7.8795714285714284
-4.84875,11.893964285714288,-8.04275
-4.74075,11.71092857142857,-8.211392857142854
-4.640357142857142,11.497214285714287,-8.385785714285715
-4.548464285714284,11.261321428571431,-8.566035714285714
-4.465000000000001,11.011749999999997,-8.751464285714285
-4.4486428571428585,11.007857142857139,-8.75975
-4.390357142857143,10.75682142857143,-8.94275
-4.325142857142857,10.505357142857145,-9.138892857142856
-4.269464285714285,10.266142857142857,-9.340250000000001
-4.223678571428571,10.047464285714286,-9.546999999999999
-4.1884999999999994,9.858,-9.759107142857141
-4.163892857142858,9.706571428571428,-9.97642857142857
-4.1505714285714275,9.601178571428571,-10.199357142857144
-4.152357142857143,9.544035714285714,-10.432321428571429
-4.172142857142857,9.526750000000002,-10.679107142857143
-4.2075000000000005,9.54257142857143,-10.937428571428573
-4.256464285714287,9.585071428571428,-11.20510714285714
-4.316750000000001,9.647464285714287,-11.479535714285715
-4.386142857142857,9.723285714285712,-11.758749999999996
-4.462214285714285,9.805821428571429,-12.040357142857145
-4.477392857142858,9.813607142857142,-12.045250000000001
-4.543142857142857,9.888321428571428,-12.321642857142859
-4.626535714285715,9.964071428571428,-12.60107142857143
-4.710142857142857,10.026750000000002,-12.87582142857143
-4.791964285714287,10.069714285714287,-13.143678571428568
-4.8693928571428575,10.086249999999998,-13.402178571428575
-4.940607142857142,10.069821428571428,-13.64932142857143
-5.002928571428571,10.013785714285714,-13.882214285714282
-5.068714285714285,9.912321428571431,-14.103928571428572
-5.149214285714287,9.768035714285714,-14.319285714285712
-5.240571428571428,9.587928571428572,-14.52857142857143
-5.338500000000001,9.38,-14.731857142857141
-5.438821428571428,9.151107142857144,-14.929571428571434
-5.537392857142858,8.90875,-15.121750000000004
-5.630000000000001,8.660535714285714,-15.308821428571429
-5.633249999999999,8.651750000000002,-15.315357142857142
-5.712035714285713,8.413678571428571,-15.491107142857143
-5.779642857142856,8.175607142857142,-15.668750000000001
-5.828535714285714,7.953392857142858,-15.841857142857146
-5.854428571428571,7.7548571428571424,-16.011214285714285
-5.852964285714286,7.586999999999999,-16.176642857142852
-5.8198928571428565,7.457607142857143,-16.338357142857145
-5.751142857142858,7.373964285714286,-16.4965
-5.641071428571429,7.339142857142856,-16.659607142857144
-5.4900714285714285,7.34717857142857,-16.83364285714286
-5.303678571428571,7.3913214285714295,-17.014928571428573
-5.087178571428572,7.465285714285715,-17.19946428571429
-4.846464285714284,7.562571428571429,-17.382749999999998
-4.587357142857143,7.676642857142856,-17.56075
-4.314857142857143,7.801214285714287,-17.728928571428572
-4.30525,7.805428571428572,-17.735142857142858
-4.035142857142858,7.929571428571427,-17.883142857142854
-3.753321428571429,8.055571428571428,-18.01871428571429
-3.475464285714285,8.172392857142857,-18.13175
-3.207,8.273464285714287,-18.217892857142854
-2.9534285714285713,8.352321428571427,-18.272892857142853
-2.720785714285714,8.4025,-18.292535714285716
-2.51475,8.417428571428571,-18.272285714285715
-2.3222499999999995,8.406071428571428,-18.19882142857143
-2.1268928571428574,8.382357142857142,-18.06632142857143
-1.9302857142857144,8.346857142857143,-17.883892857142857
-1.7351785714285715,8.299535714285714,-17.66117857142857
-1.5440357142857144,8.240857142857145,-17.40742857142857
-1.359107142857143,8.170535714285714,-17.132392857142857
-1.1837857142857147,8.08907142857143,-16.845714285714287
-1.1772500000000004,8.086357142857143,-16.835535714285715
-1.0199285714285713,7.996250000000001,-16.556642857142855
-0.8706071428571428,7.8918928571428575,-16.274964285714287
-0.7382142857142856,7.776464285714286,-16.010214285714287
-0.6251428571428571,7.649785714285714,-15.772107142857143
-0.5339642857142857,7.512285714285713,-15.569892857142856
-0.46749999999999997,7.363642857142858,-15.413500000000004
-0.42803571428571424,7.204357142857142,-15.312678571428567
-0.4215714285714286,7.024714285714286,-15.273571428571428
-0.44953571428571426,6.81717857142857,-15.289964285714285
-0.5072857142857142,6.5854285714285705,-15.352035714285716
-0.5903214285714286,6.3342142857142845,-15.450392857142859
-0.6945714285714287,6.0681071428571425,-15.575714285714286
-0.8153928571428573,5.792,-15.718392857142858
-0.9480714285714285,5.511214285714286,-15.86942857142857
-0.9530357142857141,5.500821428571428,-15.874392857142855
-1.0883928571428572,5.230107142857142,-16.01889285714286
-1.2309285714285711,4.954250000000001,-16.15842857142857
-1.3713214285714286,4.687535714285715,-16.277892857142856
-1.50525,4.435499999999999,-16.36775
-1.6280000000000001,4.2025,-16.41882142857143
-1.7348214285714285,3.993214285714287,-16.421464285714286
-1.8211785714285718,3.813071428571427,-16.36639285714286
-1.8931071428571429,3.665357142857143,-16.249642857142856
-1.9606785714285715,3.5477857142857148,-16.07839285714286
-2.0237857142857143,3.455642857142858,-15.861285714285712
-2.082714285714286,3.383571428571429,-15.60642857142857
-2.1377500000000005,3.326642857142857,-15.32232142857143
-2.1894642857142856,3.279642857142857,-15.017178571428571
-2.2375714285714277,3.237142857142857,-14.699142857142858
-2.22525,3.237428571428572,-14.685642857142856
-2.282321428571429,3.1941428571428565,-14.376714285714286
-2.324035714285714,3.14525,-14.05782142857143
-2.3629285714285717,3.0854285714285723,-13.750714285714283
-2.398892857142857,3.0097142857142853,-13.464035714285718
-2.4326785714285717,2.9126428571428575,-13.205428571428573
-2.4640357142857146,2.7892499999999996,-12.98382142857143
-2.49325,2.6344999999999996,-12.807035714285714
-2.5159999999999996,2.445928571428571,-12.67535714285714
-2.5286785714285718,2.2279999999999998,-12.579571428571427
-2.5331785714285715,1.9851071428571427,-12.513750000000003
-2.5315000000000003,1.721821428571429,-12.472642857142858
-2.525357142857143,1.442607142857143,-12.450607142857143
-2.5169285714285716,1.1520357142857145,-12.441928571428575
-2.5081428571428575,0.8545357142857142,-12.440857142857142
-2.5144642857142854,0.8439285714285714,-12.453499999999996
-2.501107142857143,0.5547142857142858,-12.441999999999998
-2.4980357142857144,0.25671428571428573,-12.439464285714285
-2.5007500000000005,-0.03464285714285715,-12.427928571428575
-2.5112857142857137,-0.31514285714285706,-12.401750000000003
-2.531464285714286,-0.5800357142857143,-12.355035714285714
-2.5635714285714286,-0.825,-12.282678571428571
-2.609321428571428,-1.0450714285714284,-12.178714285714289
-2.6753214285714293,-1.2406785714285715,-12.043571428571429
-2.7636071428571425,-1.41675,-11.882785714285713
-2.8703928571428565,-1.5766071428571433,-11.700750000000001
-2.9910357142857142,-1.7231428571428573,-11.50110714285714
-3.121571428571428,-1.8591428571428572,-11.287714285714284
-3.2572857142857146,-1.9878928571428571,-11.064285714285715
-3.3938214285714294,-2.112357142857143,-10.834642857142857
-3.396428571428571,-2.104821428571428,-10.818928571428572
-3.526857142857143,-2.235357142857143,-10.603035714285713
-3.6517499999999994,-2.3604285714285718,-10.372392857142858
-3.7641785714285727,-2.4901785714285714,-10.147035714285717
-3.859785714285716,-2.6274642857142863,-9.930892857142856
-3.934357142857143,-2.775714285714286,-9.727392857142858
-3.9831785714285712,-2.937749999999999,-9.54075
-4.002142857142856,-3.116392857142857,-9.374892857142857
-3.983392857142857,-3.310928571428572,-9.219642857142858
-3.9267857142857143,-3.517821428571428,-9.06360714285714
-3.8383571428571424,-3.735071428571429,-8.90832142857143
-3.724571428571429,-3.9612142857142856,-8.756214285714284
-3.592178571428571,-4.194071428571428,-8.609
-3.4477499999999996,-4.432285714285715,-8.46932142857143
-3.297714285714285,-4.674,-8.338821428571427
-3.2830714285714286,-4.682071428571428,-8.345
-3.149035714285714,-4.91725,-8.220285714285714
-3.007857142857143,-5.161214285714286,-8.115357142857146
-2.8810000000000002,-5.403607142857141,-8.026464285714285
-2.7747142857142855,-5.642857142857144,-7.955535714285714
-2.695785714285715,-5.8769285714285715,-7.905142857142857
-2.6508214285714287,-6.104428571428571,-7.876964285714285
-2.646214285714286,-6.323249999999999,-7.873321428571429
-2.6835,-6.537035714285714,-7.910285714285713
-2.757071428571429,-6.750571428571429,-7.99682142857143
-2.861071428571429,-6.963250000000001,-8.12475
-2.990714285714286,-7.174499999999999,-8.285000000000002
-3.1405714285714277,-7.3837142857142855,-8.468357142857142
-3.305535714285714,-7.590535714285714,-8.665857142857144
-3.4803214285714295,-7.794785714285715,-8.868107142857145
-3.4865714285714295,-7.801964285714287,-8.87532142857143
-3.6599285714285714,-7.995464285714286,-9.066357142857143
-3.838785714285715,-8.19275,-9.251500000000002
-4.011928571428572,-8.385785714285714,-9.41425
-4.174107142857143,-8.574250000000001,-9.545642857142855
-4.3202500000000015,-8.757678571428572,-9.63657142857143
-4.444678571428572,-8.935607142857142,-9.677750000000001
-4.542464285714287,-9.107178571428573,-9.660178571428572
-4.617392857142858,-9.276607142857145,-9.58635714285714
-4.678464285714286,-9.448964285714286,-9.468285714285713
-4.727857142857142,-9.622321428571428,-9.310999999999998
-4.766964285714287,-9.79525,-9.11985714285714
-4.797357142857143,-9.9655,-8.899714285714285
-4.819892857142856,-10.131500000000003,-8.655714285714286
-4.836857142857142,-10.290321428571426,-8.392035714285715
-4.847821428571429,-10.304785714285716,-8.38782142857143
-4.849571428571429,-10.44082142857143,-8.114357142857141
-4.8606428571428575,-10.579214285714286,-7.827821428571428
-4.871214285714285,-10.704571428571425,-7.537250000000001
-4.882928571428571,-10.814928571428572,-7.247857142857142
-4.897642857142857,-10.90821428571429,-6.964535714285714
-4.916607142857143,-10.982392857142857,-6.692749999999998
-4.942,-11.0355,-6.437107142857142
-4.979642857142857,-11.062357142857142,-6.185607142857143
-5.032428571428571,-11.061107142857143,-5.923821428571429
-5.096214285714287,-11.03592857142857,-5.653821428571427
-5.167392857142856,-10.990071428571428,-5.377678571428571
-5.241428571428571,-10.92775,-5.0977500000000004
-5.314678571428571,-10.853035714285713,-4.816714285714285
-5.382535714285715,-10.769285714285711,-4.536607142857143
-5.382892857142856,-10.752714285714285,-4.530607142857142
-5.441250000000001,-10.68092857142857,-4.260357142857143
-5.4863928571428575,-10.5915,-3.989428571428572
-5.514035714285716,-10.505035714285714,-3.72675
-5.5200000000000005,-10.425285714285716,-3.4746785714285715
-5.500249999999999,-10.356178571428572,-3.2357142857142853
-5.450857142857143,-10.301571428571426,-3.0119285714285717
-5.3675,-10.265357142857141,-2.8061785714285707
-5.240642857142857,-10.241535714285714,-2.622892857142858
-5.067857142857142,-10.221035714285716,-2.462571428571429
-4.856357142857143,-10.203999999999999,-2.3218214285714285
-4.613321428571427,-10.190999999999999,-2.196821428571428
-4.346178571428572,-10.181857142857142,-2.0837499999999998
-4.061928571428571,-10.176857142857143,-1.9791071428571432
-3.7683928571428575,-10.17675,-1.878285714285714
-3.755464285714285,-10.188321428571427,-1.8827500000000001
-3.4728214285714283,-10.1815,-1.778107142857143
-3.1820714285714287,-10.192035714285714,-1.6738214285714286
-2.9038571428571425,-10.208035714285714,-1.5620714285714286
-2.645428571428571,-10.230249999999996,-1.4391785714285719
-2.4140357142857143,-10.258964285714285,-1.3012142857142857
-2.217178571428571,-10.294142857142857,-1.1441071428571428
-2.0621428571428573,-10.336464285714285,-0.9644642857142856
-1.947464285714286,-10.396821428571428,-0.7606071428571427
-1.8641785714285715,-10.483464285714282,-0.5354642857142858
-1.807857142857143,-10.590857142857145,-0.2924642857142857
-1.7741785714285714,-10.713571428571429,-0.03499999999999999
-1.7587142857142857,-10.846321428571429,0.2334642857142857
-1.7573214285714287,-10.983321428571426,0.5098214285714285
-1.7654285714285713,-11.118857142857143,0.7904285714285716
-1.779035714285714,-11.118642857142856,0.8020357142857143
-1.7784999999999997,-11.247428571428573,1.0720000000000003
-1.7923571428571428,-11.363321428571426,1.3519642857142853
-1.802785714285714,-11.461107142857141,1.626464285714286
-1.8054285714285714,-11.53521428571429,1.8920714285714286
-1.7958571428571428,-11.580035714285712,2.1456071428571426
-1.7698571428571428,-11.590035714285714,2.3837857142857137
-1.7228214285714285,-11.559535714285714,2.6031428571428568
-1.6600357142857145,-11.479392857142855,2.8028214285714284
-1.5892499999999996,-11.348749999999997,2.9868928571428577
-1.5116785714285719,-11.17564285714286,3.157178571428571
-1.4278928571428573,-10.968392857142858,3.316321428571429
-1.3388928571428573,-10.735035714285715,3.4668928571428563
-1.2447857142857142,-10.483857142857143,3.6115
-1.1466428571428569,-10.223321428571428,3.752678571428572
-1.1313214285714286,-10.214321428571425,3.7496785714285714
-1.0447142857142857,-9.96164285714286,3.8928571428571432
-0.939892857142857,-9.70667857142857,4.035142857142857
-0.8324642857142859,-9.467,4.181607142857143
-0.7234285714285713,-9.250642857142859,4.334749999999999
-0.6132500000000001,-9.065892857142854,4.497392857142857
-0.5025357142857143,-8.921071428571429,4.672035714285713
-0.3921071428571428,-8.824250000000001,4.8611071428571435
-0.27910714285714283,-8.77907142857143,5.064607142857143
-0.16132142857142856,-8.779,5.280392857142856
-0.039142857142857146,-8.816714285714285,5.50632142857143
0.08617857142857142,-8.88525,5.740464285714287
0.21446428571428572,-8.976857142857146,5.980964285714286
0.34457142857142864,-9.084857142857144,6.226071428571428
0.47596428571428584,-9.201428571428568,6.474107142857143
0.46842857142857147,-9.212250000000001,6.486142857142856
0.6075357142857143,-9.319785714285716,6.722964285714285
0.7388571428571428,-9.432107142857145,6.971178571428572
0.86875,-9.53132142857143,7.216821428571428
0.9967857142857144,-9.6105,7.458071428571428
1.1221785714285715,-9.661964285714287,7.692928571428572
1.2438214285714284,-9.67864285714286,7.919642857142856
1.3613214285714288,-9.653285714285715,8.136500000000002
1.4713571428571426,-9.582035714285713,8.344857142857142
1.5732857142857142,-9.470357142857141,8.54817857142857
1.6688214285714285,-9.324714285714284,8.746857142857143
1.7596071428571427,-9.15192857142857,8.941571428571432
1.8474642857142858,-8.958857142857143,9.132571428571428
1.9342857142857144,-8.75192857142857,9.320392857142858
2.021785714285714,-8.538107142857145,9.505500000000001
2.025571428571429,-8.521464285714286,9.501035714285711
2.112428571428572,-8.324142857142858,9.68817857142857
2.207678571428571,-8.116642857142857,9.869285714285713
2.309214285714286,-7.922214285714285,10.04892857142857
2.4192142857142858,-7.747857142857144,10.227678571428571
2.539321428571428,-7.60007142857143,10.405607142857141
2.671357142857143,-7.485678571428572,10.583607142857145
2.8170357142857134,-7.411678571428572,10.761607142857144
2.9890714285714295,-7.3735357142857145,10.938464285714286
3.195214285714286,-7.361035714285714,11.112678571428571
3.4282142857142857,-7.37117857142857,11.28432142857143
3.6809285714285713,-7.401678571428571,11.454071428571428
3.945964285714285,-7.44957142857143,11.622071428571429
4.215785714285715,-7.512321428571428,11.788964285714286
4.483357142857143,-7.587464285714285,11.955250000000003
4.492714285714285,-7.590142857142856,11.961035714285718
4.740964285714286,-7.672071428571428,12.121535714285715
4.981535714285714,-7.764071428571427,12.287642857142858
5.197607142857143,-7.860535714285713,12.45442857142857
5.382000000000001,-7.958857142857142,12.622392857142854
5.527071428571429,-8.0565,12.791749999999995
5.625464285714286,-8.15075,12.96307142857143
5.67,-8.23907142857143,13.136535714285714
5.6561785714285735,-8.324750000000002,13.323750000000002
5.589178571428571,-8.413107142857143,13.532607142857136
5.475928571428571,-8.504928571428573,13.758250000000002
5.3235714285714275,-8.600071428571427,13.994714285714284
5.139250000000001,-8.69864285714286,14.23625
4.929964285714287,-8.800857142857142,14.477142857142857
4.702607142857144,-8.906714285714289,14.711035714285716
4.694785714285715,-8.910535714285718,14.719535714285715
4.4644642857142856,-9.016607142857143,14.932428571428574
4.222,-9.130285714285714,15.134964285714288
3.982892857142857,-9.248142857142856,15.31292857142857
3.754,-9.37025,15.460571428571429
3.5426071428571437,-9.496892857142857,15.572035714285718
3.355642857142857,-9.628,15.641142857142857
3.200428571428571,-9.764035714285715,15.662035714285716
3.0745357142857146,-9.915142857142856,15.62532142857143
2.9681428571428574,-10.089785714285714,15.5315
2.8769642857142865,-10.283285714285714,15.388607142857143
2.7969642857142856,-10.49057142857143,15.204821428571424
2.724607142857143,-10.705928571428574,14.988464285714286
2.6564285714285716,-10.92367857142857,14.747678571428569
2.5898214285714287,-11.138392857142858,14.491035714285717
2.5866071428571433,-11.145892857142858,14.481607142857145
2.520857142857143,-11.34467857142857,14.227
2.4473571428571423,-11.53785714285714,13.964607142857137
2.364678571428571,-11.712178571428575,13.712142857142856
2.2698571428571426,-11.862107142857143,13.478142857142858
2.158928571428571,-11.982392857142855,13.27114285714286
2.028714285714285,-12.067464285714284,13.099642857142856
1.8759999999999997,-12.112285714285715,12.972357142857138
1.6963928571428575,-12.109964285714288,12.890714285714283
1.4898928571428571,-12.061392857142858,12.846107142857145
1.2611071428571425,-11.973285714285717,12.832178571428573
1.0144285714285712,-11.852714285714288,12.842464285714286
0.7544285714285716,-11.706249999999999,12.870357142857143
0.4854285714285713,-11.540928571428571,12.90917857142857
0.21192857142857144,-11.363642857142855,12.95275
0.19457142857142853,-11.369178571428568,12.95675
-0.06160714285714286,-11.181321428571428,12.994142857142856
-0.3304285714285714,-11.000821428571426,13.027607142857144
-0.5903928571428573,-10.829035714285714,13.045999999999996
-0.8368214285714287,-10.673,13.042892857142855
-1.0655714285714286,-10.539500000000002,13.011928571428571
-1.2720357142857142,-10.435285714285714,12.94642857142857
-1.4517142857142862,-10.367392857142857,12.840000000000002
-1.6035,-10.334214285714285,12.691500000000001
-1.7306785714285715,-10.32714285714286,12.507750000000001
-1.8370714285714285,-10.342142857142857,12.293857142857144
-1.9262857142857144,-10.375357142857142,12.054392857142858
-2.0022857142857142,-10.422571428571427,11.794357142857141
-2.0687857142857147,-10.48025,11.51857142857143
-2.1296071428571426,-10.54392857142857,11.23153571428571
-2.1180000000000008,-10.543714285714284,11.218071428571426
-2.188392857142858,-10.610142857142858,10.938285714285715
-2.2491428571428576,-10.674071428571427,10.643142857142857
-2.315321428571429,-10.732499999999998,10.35107142857143
-2.3907500000000006,-10.781142857142854,10.066857142857142
-2.479214285714286,-10.81610714285714,9.795285714285711
-2.584392857142857,-10.833535714285714,9.541178571428572
-2.71,-10.8295,9.309321428571428
-2.8587857142857156,-10.805285714285715,9.09792857142857
-3.0287857142857146,-10.766392857142858,8.900214285714286
-3.2161428571428567,-10.71482142857143,8.713571428571429
-3.416964285714286,-10.652892857142856,8.535750000000002
-3.627321428571428,-10.58225,8.364535714285712
-3.843392857142857,-10.505035714285714,8.197571428571429
-4.061321428571428,-10.423285714285715,8.032285714285715
-4.077321428571428,-10.418892857142854,8.038
-4.277178571428571,-10.338571428571427,7.866535714285716
-4.487178571428572,-10.253642857142859,7.69792857142857
-4.68725,-10.170250000000001,7.524392857142857
-4.873642857142857,-10.090214285714284,7.343357142857143
-5.042392857142857,-10.015714285714283,7.152678571428573
-5.189535714285715,-9.9485,6.949928571428571
-5.311250000000001,-9.890964285714286,6.732821428571429
-5.4094999999999995,-9.846785714285714,6.498642857142857
-5.490785714285715,-9.816714285714285,6.248107142857143
-5.556571428571428,-9.797464285714286,5.983785714285715
-5.608321428571428,-9.785928571428572,5.708571428571429
-5.647785714285713,-9.77892857142857,5.425499999999999
-5.676357142857143,-9.773035714285713,5.137214285714286
-5.6956428571428575,-9.76525,4.84675
-5.683571428571428,-9.771357142857141,4.835642857142857
-5.707249999999999,-9.751892857142858,4.557178571428571
-5.712607142857144,-9.730500000000003,4.271107142857143
-5.713392857142858,-9.697,3.991214285714285
-5.711107142857142,-9.648607142857145,3.721
-5.707214285714286,-9.581999999999999,3.463
-5.703464285714285,-9.493892857142855,3.2201071428571426
-5.70125,-9.381035714285716,2.9953928571428574
-5.695499999999998,-9.236749999999999,2.791607142857143
-5.680749999999999,-9.059321428571428,2.607142857142857
-5.658321428571427,-8.854142857142858,2.4389642857142855
-5.62942857142857,-8.626607142857143,2.2837500000000004
-5.595464285714286,-8.382464285714283,2.1385357142857147
-5.557928571428571,-8.12675,1.999785714285714
-5.518071428571427,-7.865428571428571,1.8644642857142855
-5.530035714285715,-7.852285714285714,1.8629642857142859
-5.477321428571428,-7.603464285714284,1.729321428571429
-5.437107142857143,-7.346964285714286,1.5910714285714282
-5.398785714285715,-7.101035714285716,1.4466071428571432
-5.363678571428572,-6.871178571428571,1.2925357142857146
-5.33325,-6.662857142857145,1.12575
-5.308749999999999,-6.481714285714285,0.9428214285714285
-5.291714285714286,-6.333142857142858,0.7408214285714287
-5.2863928571428564,-6.220821428571428,0.5136071428571428
-5.294428571428574,-6.141249999999999,0.26000000000000006
-5.313071428571428,-6.089,-0.01475
-5.3391785714285716,-6.058642857142858,-0.30571428571428566
-5.369928571428571,-6.04489285714286,-0.6076428571428572
-5.402035714285715,-6.04225,-0.9155714285714286
-5.43275,-6.045285714285714,-1.2243571428571427
-5.423071428571428,-6.05475,-1.236142857142857
-5.45882142857143,-6.0481428571428575,-1.5289285714285719
-5.477392857142857,-6.046000000000001,-1.8241785714285719
-5.485357142857143,-6.0330714285714295,-2.1051428571428574
-5.479714285714286,-6.004107142857143,-2.3666785714285714
-5.457678571428572,-5.953642857142856,-2.6036428571428574
-5.4158928571428575,-5.876071428571429,-2.810999999999999
-5.351642857142856,-5.766214285714288,-2.9834642857142852
-5.259321428571428,-5.623964285714286,-3.1153928571428575
-5.13875,-5.455535714285715,-3.208357142857143
-4.993928571428571,-5.264607142857145,-3.2682142857142855
-4.829857142857143,-5.054892857142859,-3.301107142857142
-4.650678571428572,-4.829857142857143,-3.3131785714285718
-4.461250000000001,-4.593678571428571,-3.3108214285714284
-4.266035714285715,-4.349214285714285,-3.300107142857143
-4.268035714285714,-4.3340000000000005,-3.2906785714285722
-4.069678571428571,-4.1005714285714285,-3.2873928571428586
-3.8766071428571416,-3.8508928571428562,-3.279178571428571
-3.6915357142857137,-3.6039285714285714,-3.2814285714285716
-3.51925,-3.3633214285714286,-3.3004642857142854
-3.363642857142857,-3.1326428571428573,-3.342285714285714
-3.2298571428571425,-2.9156428571428568,-3.4132142857142864
-3.1223214285714285,-2.715821428571428,-3.5195714285714286
-3.0459999999999994,-2.525678571428571,-3.661285714285715
-2.9993214285714274,-2.334892857142857,-3.8318571428571424
-2.977,-2.1448214285714284,-4.027
-2.973535714285714,-1.9565000000000001,-4.242142857142857
-2.9838928571428567,-1.7714285714285716,-4.473
-3.0022500000000005,-1.5908571428571427,-4.715392857142857
-3.0230714285714293,-1.4161428571428571,-4.96475
-3.027999999999999,-1.4215000000000002,-4.981
-3.041178571428571,-1.2487142857142859,-5.216749999999998
-3.050928571428571,-1.0894285714285716,-5.467500000000001
-3.046571428571429,-0.9400000000000002,-5.712535714285714
-3.023285714285714,-0.8017142857142856,-5.9475
-2.9752500000000004,-0.6756428571428572,-6.16792857142857
-2.896964285714286,-0.5633214285714286,-6.369607142857142
-2.783321428571429,-0.4664285714285715,-6.548285714285714
-2.629892857142857,-0.39367857142857143,-6.706035714285714
-2.4393214285714286,-0.35075000000000006,-6.8497142857142865
-2.217464285714285,-0.3326071428571429,-6.98107142857143
-1.9699642857142863,-0.33392857142857146,-7.101821428571427
-1.702678571428571,-0.3495357142857142,-7.214107142857145
-1.4214642857142856,-0.3738214285714287,-7.319250000000001
-1.1319642857142855,-0.40146428571428583,-7.419464285714285
-1.1170357142857144,-0.3985714285714286,-7.410035714285715
-0.8401071428571429,-0.4269642857142858,-7.5163214285714295
-0.5511071428571429,-0.44475,-7.611785714285715
-0.2710714285714286,-0.4496785714285714,-7.707535714285714
-0.005749999999999999,-0.43632142857142847,-7.805535714285716
0.23896428571428574,-0.39939285714285716,-7.907428571428572
0.45774999999999993,-0.3331428571428572,-8.01517857142857
0.6445000000000001,-0.23282142857142857,-8.130214285714287
0.7981071428571428,-0.09475,-8.250857142857143
0.9241428571428569,0.07746428571428572,-8.373464285714286
1.0272142857142856,0.2786428571428571,-8.497714285714286
1.1115357142857143,0.5035,-8.623285714285716
1.1816428571428574,0.7469285714285715,-8.749750000000002
1.2420357142857146,1.003714285714286,-8.877178571428573
1.2971071428571428,1.2687499999999996,-9.005392857142855
1.2888928571428573,1.2754999999999999,-9.019642857142857
1.3509999999999998,1.5365714285714287,-9.133892857142857
1.4088928571428567,1.8022142857142853,-9.263035714285715
1.4748571428571429,2.060178571428572,-9.392107142857142
1.5530357142857145,2.30575,-9.521142857142857
1.6481785714285715,2.5333928571428563,-9.649642857142856
1.76475,2.7379285714285717,-9.777642857142856
1.9067857142857139,2.9141428571428576,-9.904821428571427
2.076,3.0610357142857145,-10.038178571428572
2.2677857142857145,3.1838214285714286,-10.183607142857142
2.4787500000000002,3.286321428571429,-10.337785714285713
2.705535714285714,3.372392857142857,-10.497392857142858
2.94425,3.4463214285714288,-10.659500000000003
3.191464285714286,3.5118571428571426,-10.82075
3.4437857142857133,3.57332142857143,-10.977571428571428
3.4593214285714287,3.5649285714285726,-10.976142857142857
3.6974285714285715,3.6347142857142853,-11.12689285714286
3.9492857142857147,3.6999999999999997,-11.265285714285715
4.195607142857144,3.7729642857142864,-11.389535714285714
4.432821428571429,3.858178571428572,-11.49635714285714
4.657535714285715,3.959107142857143,-11.582428571428569
4.865892857142856,4.080107142857143,-11.644535714285714
5.054535714285714,4.224749999999999,-11.679285714285713
5.232571428571428,4.399928571428572,-11.689642857142855
5.410607142857144,4.605678571428571,-11.681357142857143
5.587178571428572,4.8365,-11.655214285714285
5.7602142857142855,5.086535714285715,-11.612357142857146
5.927857142857143,5.350071428571427,-11.55357142857143
6.088142857142856,5.621214285714286,-11.479392857142857
6.238785714285714,5.893964285714285,-11.391107142857148
6.244035714285714,5.903607142857141,-11.387857142857147
6.378,6.162892857142857,-11.289428571428571
6.503678571428572,6.421892857142856,-11.175142857142857
6.614071428571429,6.665392857142857,-11.04925
6.706857142857144,6.887428571428574,-10.912571428571427
6.780321428571429,7.081928571428572,-10.765892857142855
6.832071428571427,7.243392857142856,-10.610178571428571
6.860678571428573,7.366178571428571,-10.446142857142856
6.8515000000000015,7.447035714285714,-10.265178571428573
6.797249999999999,7.490892857142858,-10.059821428571428
6.705035714285715,7.5024999999999995,-9.833214285714286
6.582999999999998,7.487214285714286,-9.58917857142857
6.439214285714286,7.45067857142857,-9.331035714285713
6.281535714285715,7.397892857142857,-9.062464285714286
6.118178571428571,7.334071428571429,-8.787285714285714
6.10692857142857,7.344999999999999,-8.777285714285714
5.957035714285715,7.264821428571431,-8.508785714285716
5.806035714285715,7.195035714285714,-8.23117857142857
5.673464285714287,7.130285714285714,-7.95782142857143
5.567035714285716,7.075750000000001,-7.692214285714288
5.495071428571428,7.036714285714285,-7.4381071428571435
5.46557142857143,7.018571428571427,-7.1989642857142835
5.48625,7.026499999999999,-6.978571428571429
5.564571428571428,7.063142857142857,-6.775607142857141
5.697214285714284,7.1245,-6.585357142857143
5.875357142857142,7.205642857142858,-6.405892857142858
6.089964285714286,7.301964285714285,-6.235107142857144
6.332035714285714,7.408499999999997,-6.071357142857143
6.59275,7.520535714285715,-5.912428571428571
6.863142857142856,7.633321428571428,-5.756571428571428
6.872749999999999,7.637321428571427,-5.7509999999999994
7.134392857142857,7.741964285714284,-5.601642857142858
7.3972500000000005,7.84175,-5.44592857142857
7.643071428571427,7.927750000000002,-5.287357142857141
7.862714285714285,7.995464285714284,-5.123785714285714
8.047357142857141,8.039571428571428,-4.9535
8.187785714285713,8.056,-4.774571428571428
8.275071428571431,8.039250000000001,-4.58525
8.316,7.991107142857144,-4.381678571428572
8.32510714285714,7.918464285714285,-4.162535714285715
8.305785714285715,7.823821428571428,-3.930964285714286
8.261285714285716,7.709392857142855,-3.690178571428571
8.19425,7.578071428571427,-3.4430357142857138
8.107571428571429,7.432392857142856,-3.1933214285714278
8.004214285714285,7.274428571428571,-2.94417857142857
8.013785714285715,7.267071428571429,-2.930107142857143
7.887071428571429,7.106678571428572,-2.698142857142856
7.759500000000001,6.93125,-2.4605357142857143
7.624535714285714,6.750928571428571,-2.2333571428571433
7.48492857142857,6.568250000000002,-2.0199642857142854
7.343964285714287,6.385535714285715,-1.8236785714285715
7.2045,6.2053214285714295,-1.6477500000000003
7.069571428571427,6.029964285714286,-1.4954642857142857
6.933535714285715,5.845000000000001,-1.369142857142857
6.789321428571428,5.636964285714287,-1.2671071428571428
6.63717857142857,5.410321428571428,-1.1860357142857143
6.477607142857143,5.170678571428572,-1.1222857142857143
6.311428571428569,4.923250000000001,-1.0727857142857142
6.138928571428572,4.673357142857142,-1.0341071428571431
5.960857142857143,4.426571428571428,-1.0025357142857143
5.94775,4.42167857142857,-1.0134285714285716
5.777964285714286,4.188321428571429,-0.9753214285714288
5.59042857142857,3.963607142857142,-0.9485000000000002
5.398964285714285,3.757892857142857,-0.9188214285714286
5.204107142857143,3.5766071428571427,-0.8829285714285714
5.006749999999999,3.4251785714285723,-0.8377857142857142
4.807071428571428,3.308892857142857,-0.7795357142857142
4.606107142857142,3.233035714285715,-0.7049642857142857
4.39875,3.2077500000000003,-0.61925
4.180714285714285,3.2338928571428576,-0.5291428571428571
3.9536428571428566,3.3036785714285712,-0.4349285714285713
3.719714285714286,3.4089285714285724,-0.3369285714285714
3.4808928571428575,3.5409642857142862,-0.23489285714285718
3.2391071428571436,3.691892857142857,-0.12903571428571428
2.996178571428571,3.852821428571428,-0.019142857142857135
2.995785714285714,3.8632500000000003,-0.0045
2.7543214285714277,4.015928571428572,0.09478571428571425
2.51475,4.172321428571428,0.21300000000000002
2.279964285714286,4.313999999999999,0.3354642857142858
2.0517142857142856,4.432642857142857,0.46210714285714277
1.8318928571428565,4.519999999999999,0.5929285714285714
1.6225714285714283,4.567571428571429,0.7281785714285715
1.4257857142857142,4.567178571428572,0.8675357142857142
1.2443214285714284,4.515535714285715,1.019321428571429
1.0785357142857144,4.420035714285714,1.1886428571428567
0.9256785714285715,4.2873214285714285,1.3724642857142855
0.7831785714285715,4.124821428571429,1.5668214285714286
0.6480357142857144,3.939357142857144,1.7679642857142854
0.5175357142857142,3.7385357142857147,1.9721785714285716
0.38857142857142846,3.52875,2.1757857142857144
0.3822142857142857,3.5121428571428566,2.172142857142857
0.25896428571428565,3.3177499999999998,2.374714285714286
0.12496428571428571,3.1122499999999995,2.565678571428571
-0.015714285714285705,2.9192500000000003,2.74475
-0.16582142857142856,2.746142857142857,2.908178571428571
-0.32853571428571426,2.5998571428571426,3.052
-0.5063214285714286,2.487357142857143,3.172928571428571
-0.7021071428571429,2.416,3.2668214285714283
-0.9166071428571428,2.385892857142857,3.327892857142857
-1.14775,2.3898928571428577,3.3558214285714283
-1.3927142857142858,2.4228571428571426,3.3558928571428566
-1.6493214285714284,2.479321428571429,3.333285714285714
-1.9151785714285714,2.554607142857143,3.2934642857142857
-2.188071428571429,2.643464285714285,3.2416071428571427
-2.46575,2.741428571428571,3.183642857142857
-2.470285714285714,2.757999999999999,3.1791785714285714
-2.74575,2.842964285714285,3.124571428571429
-3.026392857142857,2.943535714285715,3.070321428571429
-3.3048928571428573,3.037928571428572,3.025892857142857
-3.5790357142857134,3.1211428571428566,2.9967142857142863
-3.846464285714285,3.18825,2.9883214285714286
-4.1049999999999995,3.2341785714285716,3.005892857142857
-4.351928571428571,3.2541428571428574,3.0548214285714286
-4.594928571428573,3.2571785714285713,3.141892857142857
-4.8422857142857145,3.2558214285714278,3.2655000000000003
-5.092142857142856,3.2494642857142857,3.419714285714286
-5.3424999999999985,3.236785714285715,3.5970357142857132
-5.591285714285712,3.2169285714285714,3.791214285714286
-5.836464285714284,3.1887499999999998,3.9951785714285717
-6.0761071428571425,3.15125,4.202142857142857
-6.0843928571428565,3.1499285714285716,4.209464285714286
-6.308285714285716,3.103321428571428,4.40532142857143
-6.530857142857143,3.0437857142857148,4.597928571428571
-6.7420357142857155,2.9719285714285717,4.773035714285713
-6.939535714285713,2.886321428571428,4.924142857142857
-7.121499999999998,2.7858928571428576,5.0441071428571425
-7.285785714285714,2.669857142857143,5.1262857142857134
-7.430285714285715,2.5371428571428574,5.16375
-7.560821428571427,2.3789285714285713,5.149214285714286
-7.684321428571428,2.1899285714285717,5.0846785714285705
-7.799607142857144,1.9745714285714286,4.978321428571428
-7.905035714285716,1.7378214285714286,4.83807142857143
-7.999535714285715,1.484535714285714,4.672428571428571
-8.081785714285711,1.2199285714285717,4.4893214285714285
-8.149535714285715,0.9487500000000001,4.296714285714287
-8.15242857142857,0.9390714285714286,4.289892857142858
-8.201714285714285,0.6759642857142857,4.103142857142857
-8.23642857142857,0.4063928571428571,3.916714285714286
-8.252392857142857,0.14510714285714285,3.7457857142857134
-8.248357142857142,-0.10289285714285713,3.5985000000000005
-8.222464285714286,-0.3328571428571429,3.4832500000000004
-8.17342857142857,-0.5397857142857143,3.4082142857142856
-8.100357142857142,-0.7185357142857142,3.381571428571428
-7.989107142857144,-0.8791428571428572,3.3972142857142855
-7.831821428571428,-1.0353571428571429,3.441214285714286
-7.635392857142859,-1.1861785714285713,3.5107142857142857
-7.407178571428572,-1.3298214285714285,3.603214285714285
-7.154357142857142,-1.4646428571428571,3.7160000000000006
-6.884785714285717,-1.589,3.8464642857142857
-6.605392857142857,-1.700892857142857,3.992035714285715
-6.595464285714286,-1.7049999999999996,3.9971785714285724
-6.323964285714283,-1.7989642857142856,4.150249999999999
-6.04775,-1.8813928571428573,4.3183928571428565
-5.784250000000001,-1.9465714285714282,4.494000000000001
-5.540928571428572,-1.9928928571428572,4.674249999999999
-5.325035714285714,-2.0186071428571433,4.856714285714285
-5.144357142857143,-2.0220000000000002,5.038750000000001
-5.006035714285715,-2.001678571428571,5.217678571428571
-4.898321428571428,-1.9449285714285716,5.404392857142858
-4.804392857142857,-1.84475,5.61057142857143
-4.723964285714286,-1.7076428571428577,5.832714285714287
-4.6579999999999995,-1.540464285714285,6.067392857142857
-4.607142857142856,-1.350607142857143,6.311071428571429
-4.571357142857144,-1.145035714285714,6.5601785714285725
-4.552214285714286,-0.93075,6.810892857142856
-4.551357142857143,-0.9231785714285714,6.819857142857143
-4.549857142857142,-0.7147857142857142,7.05975
-4.565321428571428,-0.5043214285714287,7.303357142857143
-4.598785714285715,-0.3064285714285715,7.537642857142858
-4.651142857142857,-0.1282857142857143,7.759500000000001
-4.7230357142857144,0.023142857142857153,7.965142857142856
-4.815142857142857,0.14085714285714282,8.151071428571427
-4.927749999999999,0.2173571428571428,8.31317857142857
-5.078785714285713,0.26257142857142857,8.454107142857142
-5.280392857142857,0.29196428571428573,8.579678571428571
-5.524678571428571,0.30582142857142863,8.691428571428572
-5.802535714285715,0.30424999999999996,8.790928571428573
-6.105000000000001,0.28775,8.878928571428572
-6.423464285714284,0.2561785714285714,8.957321428571428
-6.748821428571429,0.20921428571428577,9.026714285714286
-6.760357142857145,0.20771428571428577,9.029357142857142
-7.071821428571426,0.14746428571428566,9.08892857142857
-7.384071428571427,0.07075000000000001,9.14492857142857
-7.6763571428571415,-0.020857142857142852,9.196214285714287
-7.9398928571428575,-0.12699999999999997,9.244321428571428
-8.165428571428569,-0.24778571428571425,9.290142857142857
-8.344142857142858,-0.3834642857142857,9.33532142857143
-8.467,-0.5327857142857143,9.380821428571428
-8.540464285714284,-0.7128571428571427,9.418214285714285
-8.579607142857146,-0.9362857142857145,9.439285714285717
-8.587928571428574,-1.19575,9.447285714285712
-8.568071428571429,-1.4834642857142857,9.4455
-8.523214285714285,-1.7917142857142856,9.437250000000002
-8.456249999999999,-2.1122500000000004,9.425642857142858
-8.369464285714285,-2.437392857142857,9.413964285714286
-8.36667857142857,-2.4490714285714286,9.413535714285715
-8.266392857142858,-2.7590714285714286,9.40582142857143
-8.149250000000002,-3.069464285714285,9.404357142857142
-8.02142857142857,-3.3605714285714288,9.41307142857143
-7.885642857142854,-3.6245357142857144,9.435249999999998
-7.744857142857143,-3.8538928571428572,9.47425
-7.601821428571428,-4.040321428571429,9.533607142857141
-7.459785714285715,-4.175428571428571,9.616285714285713
-7.303821428571427,-4.261321428571428,9.719964285714283
-7.119892857142856,-4.3080357142857135,9.83917857142857
-6.912107142857144,-4.3201785714285705,9.97257142857143
-6.68607142857143,-4.3022857142857145,10.119214285714287
-6.446535714285713,-4.259071428571429,10.277535714285717
-6.198642857142858,-4.195,10.446749999999998
-5.947821428571429,-4.1150714285714285,10.626071428571427
-5.938892857142858,-4.1121428571428575,10.631964285714286
-5.698857142857143,-4.023321428571427,10.813857142857144
-5.457535714285714,-3.9246428571428567,11.009821428571431
-5.228714285714285,-3.8233214285714285,11.212571428571428
-5.017678571428571,-3.724178571428572,11.42092857142857
-4.829071428571427,-3.6314999999999986,11.633892857142857
-4.668642857142856,-3.549892857142858,11.85007142857143
-4.541357142857143,-3.4842500000000003,12.06875
-4.44757142857143,-3.433821428571428,12.302571428571428
-4.382250000000001,-3.3934642857142863,12.562071428571429
-4.341714285714286,-3.3602142857142856,12.842357142857141
-4.321821428571429,-3.3311785714285724,13.137892857142857
-4.319142857142858,-3.3033928571428577,13.443749999999998
-4.3296785714285715,-3.2739285714285704,13.754
-4.34975,-3.2400714285714285,14.063678571428573
-4.363607142857143,-3.233535714285714,14.072821428571427
-4.375464285714285,-3.198714285714286,14.366821428571427
-4.403035714285715,-3.146392857142858,14.658928571428573
-4.429,-3.0807142857142855,14.934142857142858
-4.449214285714286,-2.9988928571428572,15.187250000000002
-4.460071428571427,-2.897535714285714,15.412642857142858
-4.457857142857143,-2.774,15.604964285714287
-4.438785714285714,-2.6255357142857143,15.758928571428573
-4.405714285714287,-2.444535714285714,15.873714285714286
-4.364928571428572,-2.228714285714286,15.95475
-4.31792857142857,-1.9831428571428573,16.005928571428573
-4.265571428571429,-1.713892857142857,16.031500000000005
-4.209392857142857,-1.4261071428571428,16.035535714285718
-4.150392857142857,-1.1254642857142856,16.022
-4.089642857142857,-0.8173928571428571,15.994678571428569
-4.075821428571428,-0.8077142857142857,16.001857142857144
-4.028357142857144,-0.5075714285714287,15.957857142857145
-3.9676428571428572,-0.2017142857142857,15.915392857142857
-3.908750000000001,0.09478571428571432,15.87160714285714
-3.8529285714285715,0.3763928571428571,15.830178571428574
-3.8011428571428576,0.6375714285714286,15.795464285714285
-3.754642857142857,0.8727142857142859,15.77142857142857
-3.6402857142857132,1.4545357142857143,15.745392857142859
-3.6312857142857133,1.4750714285714286,15.749678571428573
